01,Aron,Tompson,53,#60 St Germain Street,Emma Tompson,Jimmy Tompson,8888888888,11/23/2019,06/23/2015 
02,Jacob,George,39,#60 St Germain Street,Isabella George,Sally George,8888888888,11/23/2019,08/23/2016
03,Ethan,Edwen,36,#60 St Germain Street,Madison Edwen,Lizzy Edwen,8888888888,11/23/2019,11/23/2016
04,Joshua,James,35,#60 St Germain Street,Olivia James,Markie James,8888888888,11/23/2019,12/23/2016
05,Alexander,Dep,44,#60 St Germain Street,Mia Dep,Johnny Dep,8888888888, 11/23/2019,03/23/2016
06,Christopher,Higgins,42,#60 St Germain Street,Elizabeth Higgins,Bobby Higgins,8888888888,11/23/2019,05/23/2016
07,Jayden,Hill,16,#60 St Germain Street,Addison Hill,Billy Hill,8888888888,11/23/2019,07/23/2018
08,Ryan,Jane,28,#60 St Germain Street,Alyssa Jane,Evie Jane,8888888888,11/23/2019,07/23/2017
09,John,Smith,27,#60 St Germain Street,Hannah Smith,Becky Smith,8888888888,11/23/2019,08/23/2017
10,Logan,Christin,23,#60 St Germain Street,Alexis Christin,Jessie Christin,8888888888,11/23/2019,12/23/2017
11,Elijah,Chan,18,#60 St Germain Street,Alyssa Chan,Jackie Chan,8888888888,11/23/2019,05/23/2018
12,Jonathan,Florance,22,#60 St Germain Street,Ashley Florance,Laurie Florance,8888888888,11/23/2019,01/23/2018
13,Samuel,Methew,17,#60 St Germain Street,Ella Methew,Cathey Methew,8888888888,11/23/2019,06/23/2018
14,Jack,Tompson,63,#60 St Germain Street,Sarah Tompson,Millie Tompson,8888888888,11/23/2019,08/23/2014
15,William,Jesus,16,#60 St Germain Street,Taylor Jesus,Ruthie Jesus,8888888888,11/23/2019,07/23/2018
16,James,Mart,15,#60 St Germain Street,Grace Mart,Stanley Mart,8888888888,11/23/2019,08/23/2018
17,Tyler,Mandery,12,#60 St Germain Street,Lily Mandery,Mary Mandery,8888888888,11/23/2019,11/23/2018
18,Luke,Johns,63,#60 St Germain Street,Kylie Johns,Annie Johns,8888888888,11/23/2019,08/23/2014  
19,Connor,Karren,11,#60 St Germain Street,Brooke Karren,Karlly Karren,8888888888,11/23/2019,12/23/2018
20,Kiran,Ramesh,47,#60 St Germain,Ramesh,Subhashini,1234567890,11/23/2019,12/11/2015
